"Step","Yahoo b512 l0.0005 -- qx8h22fz - ndcg_5","Yahoo b512 l0.0005 -- qx8h22fz - ndcg_5__MIN","Yahoo b512 l0.0005 -- qx8h22fz - ndcg_5__MAX","Yahoo b512 l0.0005 -- qx8h22fz - ndcg_10","Yahoo b512 l0.0005 -- qx8h22fz - ndcg_10__MIN","Yahoo b512 l0.0005 -- qx8h22fz - ndcg_10__MAX","Yahoo b512 l0.0005 -- qx8h22fz - ndcg_20","Yahoo b512 l0.0005 -- qx8h22fz - ndcg_20__MIN","Yahoo b512 l0.0005 -- qx8h22fz - ndcg_20__MAX"
"100","0.00021449382232783962","0.00021449382232783962","0.00021449382232783962","0.0003149848119090799","0.0003149848119090799","0.0003149848119090799","0.0004382664220319022","0.0004382664220319022","0.0004382664220319022"
"201","0.0002260763178649772","0.0002260763178649772","0.0002260763178649772","0.00028560805814915576","0.00028560805814915576","0.00028560805814915576","0.0004640777383341415","0.0004640777383341415","0.0004640777383341415"
"302","0.00024461317670845687","0.00024461317670845687","0.00024461317670845687","0.00032697933262048706","0.00032697933262048706","0.00032697933262048706","0.00044146748127485994","0.00044146748127485994","0.00044146748127485994"
"403","0.0001681295108783456","0.0001681295108783456","0.0001681295108783456","0.0002519476062200248","0.0002519476062200248","0.0002519476062200248","0.00039726995869813","0.00039726995869813","0.00039726995869813"
"504","0.00023235739632497301","0.00023235739632497301","0.00023235739632497301","0.00026981422138412425","0.00026981422138412425","0.00026981422138412425","0.0004474747586354433","0.0004474747586354433","0.0004474747586354433"
"605","0.00019433834655610324","0.00019433834655610324","0.00019433834655610324","0.00033396192928509714","0.00033396192928509714","0.00033396192928509714","0.0004595655122756856","0.0004595655122756856","0.0004595655122756856"
"706","0.000181137234090709","0.000181137234090709","0.000181137234090709","0.00031985042835617285","0.00031985042835617285","0.00031985042835617285","0.0004285807942608008","0.0004285807942608008","0.0004285807942608008"
"807","0.00017166320760076653","0.00017166320760076653","0.00017166320760076653","0.00035231310100282176","0.00035231310100282176","0.00035231310100282176","0.0004464521330040343","0.0004464521330040343","0.0004464521330040343"
"908","0.00019433834655610324","0.00019433834655610324","0.00019433834655610324","0.00031987519159766835","0.00031987519159766835","0.00031987519159766835","0.0004826231064853948","0.0004826231064853948","0.0004826231064853948"
"1009","0.0002644721896142856","0.0002644721896142856","0.0002644721896142856","0.0003699846042390849","0.0003699846042390849","0.0003699846042390849","0.00046676324936453177","0.00046676324936453177","0.00046676324936453177"
"1110","0.00021400397020890114","0.00021400397020890114","0.00021400397020890114","0.0003221025413858327","0.0003221025413858327","0.0003221025413858327","0.0004490226890864559","0.0004490226890864559","0.0004490226890864559"
"1211","0.0002874094192795634","0.0002874094192795634","0.0002874094192795634","0.0003283686685766251","0.0003283686685766251","0.0003283686685766251","0.000486018295043069","0.000486018295043069","0.000486018295043069"
"1312","0.00024296018762423369","0.00024296018762423369","0.00024296018762423369","0.00034960681937151636","0.00034960681937151636","0.00034960681937151636","0.0004949073784871198","0.0004949073784871198","0.0004949073784871198"
"1413","0.0001866663697218253","0.0001866663697218253","0.0001866663697218253","0.00026880869697490215","0.00026880869697490215","0.00026880869697490215","0.0003823808766755449","0.0003823808766755449","0.0003823808766755449"
"1514","0.00028075151883912887","0.00028075151883912887","0.00028075151883912887","0.0003617596289697222","0.0003617596289697222","0.0003617596289697222","0.0005055442537191925","0.0005055442537191925","0.0005055442537191925"
"1615","0.0002818802836484471","0.0002818802836484471","0.0002818802836484471","0.0004061160773210691","0.0004061160773210691","0.0004061160773210691","0.0005612673825673642","0.0005612673825673642","0.0005612673825673642"
"1716","0.00031361825495732103","0.00031361825495732103","0.00031361825495732103","0.0003562532723429851","0.0003562532723429851","0.0003562532723429851","0.0005512385502822813","0.0005512385502822813","0.0005512385502822813"
"1817","0.0002691690233019913","0.0002691690233019913","0.0002691690233019913","0.000366693260389192","0.000366693260389192","0.000366693260389192","0.0004959756443740957","0.0004959756443740957","0.0004959756443740957"
"1918","0.00029068102529204324","0.00029068102529204324","0.00029068102529204324","0.0003509722659790461","0.0003509722659790461","0.0003509722659790461","0.0005236087328804878","0.0005236087328804878","0.0005236087328804878"
"2073","0.0003580674866126507","0.0003580674866126507","0.0003580674866126507","0.0004376236573135952","0.0004376236573135952","0.0004376236573135952","0.0005459686923932544","0.0005459686923932544","0.0005459686923932544"
"2174","0.00039698758263686417","0.00039698758263686417","0.00039698758263686417","0.0005015166681998857","0.0005015166681998857","0.0005015166681998857","0.0005939952832719547","0.0005939952832719547","0.0005939952832719547"
"2275","0.00032241899660091723","0.00032241899660091723","0.00032241899660091723","0.0003850784444033471","0.0003850784444033471","0.0003850784444033471","0.0005573202392350541","0.0005573202392350541","0.0005573202392350541"
"2376","0.0002716543143296251","0.0002716543143296251","0.0002716543143296251","0.00035805856622343665","0.00035805856622343665","0.00035805856622343665","0.0005450249698350898","0.0005450249698350898","0.0005450249698350898"
"2477","0.00024345003974317214","0.00024345003974317214","0.00024345003974317214","0.0003044337194569997","0.0003044337194569997","0.0003044337194569997","0.000483605985830612","0.000483605985830612","0.000483605985830612"
"2578","0.00025691324291850746","0.00025691324291850746","0.00025691324291850746","0.00035648796481396977","0.00035648796481396977","0.00035648796481396977","0.0005174995673124948","0.0005174995673124948","0.0005174995673124948"
"2679","0.0003022635208291809","0.0003022635208291809","0.0003022635208291809","0.0003434465987851959","0.0003434465987851959","0.0003434465987851959","0.0005321772780221157","0.0005321772780221157","0.0005321772780221157"
"2780","0.0002700356974013685","0.0002700356974013685","0.0002700356974013685","0.0003307016548080306","0.0003307016548080306","0.0003307016548080306","0.0004944024359208222","0.0004944024359208222","0.0004944024359208222"
"2881","0.00029899191481670104","0.00029899191481670104","0.00029899191481670104","0.0004006841828964244","0.0004006841828964244","0.0004006841828964244","0.0004955543973868441","0.0004955543973868441","0.0004955543973868441"
"2982","0.00020569308068424345","0.00020569308068424345","0.00020569308068424345","0.0002841091550404565","0.0002841091550404565","0.0002841091550404565","0.00041114233053464753","0.00041114233053464753","0.00041114233053464753"
"3083","0.0001753116355936851","0.0001753116355936851","0.0001753116355936851","0.0002796898330960009","0.0002796898330960009","0.0002796898330960009","0.00039066028046286694","0.00039066028046286694","0.00039066028046286694"
"3184","0.00030301546365806036","0.00030301546365806036","0.00030301546365806036","0.00036658529992402025","0.00036658529992402025","0.00036658529992402025","0.00046391244557966146","0.00046391244557966146","0.00046391244557966146"
"3285","0.00025503253528030975","0.00025503253528030975","0.00025503253528030975","0.00039465611800930357","0.00039465611800930357","0.00039465611800930357","0.00047360676677033945","0.00047360676677033945","0.00047360676677033945"
"3386","0.00017557372630362618","0.00017557372630362618","0.00017557372630362618","0.00033743317928185905","0.00033743317928185905","0.00033743317928185905","0.00046394267526599786","0.00046394267526599786","0.00046394267526599786"
"3487","0.0002228047118524973","0.0002228047118524973","0.0002228047118524973","0.00032778145473342564","0.00032778145473342564","0.00032778145473342564","0.0004429404188594681","0.0004429404188594681","0.0004429404188594681"
"3588","0.00029019117317310484","0.00029019117317310484","0.00029019117317310484","0.00037514348563726736","0.00037514348563726736","0.00037514348563726736","0.000514335926958765","0.000514335926958765","0.000514335926958765"
"3689","0.0002874094192795634","0.0002874094192795634","0.0002874094192795634","0.0003491525993962152","0.0003491525993962152","0.0003491525993962152","0.0005065456423823129","0.0005065456423823129","0.0005065456423823129"
"3790","0.0002779697649455875","0.0002779697649455875","0.0002779697649455875","0.00034084716218472276","0.00034084716218472276","0.00034084716218472276","0.0004974649078756191","0.0004974649078756191","0.0004974649078756191"
"3891","0.0002898143511926661","0.0002898143511926661","0.0002898143511926661","0.00039030534077390635","0.00039030534077390635","0.00039030534077390635","0.00048113539902596965","0.00048113539902596965","0.00048113539902596965"
"4046","0.00030012067962601916","0.00030012067962601916","0.00030012067962601916","0.0003427556970116832","0.0003427556970116832","0.0003427556970116832","0.00045715532051122715","0.00045715532051122715","0.00045715532051122715"
"4147","0.00023991634302075117","0.00023991634302075117","0.00023991634302075117","0.00032092445315134457","0.00032092445315134457","0.00032092445315134457","0.00043674441854333777","0.00043674441854333777","0.00043674441854333777"
"4248","0.00026838270831714523","0.00026838270831714523","0.00026838270831714523","0.00037039269870403407","0.00037039269870403407","0.00037039269870403407","0.00045144610975274974","0.00045144610975274974","0.00045144610975274974"
"4349","0.00022002295795895592","0.00022002295795895592","0.00022002295795895592","0.00032310010409232855","0.00032310010409232855","0.00032310010409232855","0.0004711294656861925","0.0004711294656861925","0.0004711294656861925"
"4450","0.00028075151883912887","0.00028075151883912887","0.00028075151883912887","0.0003628938460922057","0.0003628938460922057","0.0003628938460922057","0.00046139979273790134","0.00046139979273790134","0.00046139979273790134"
"4551","0.00024296018762423369","0.00024296018762423369","0.00024296018762423369","0.00034313345489830855","0.00034313345489830855","0.00034313345489830855","0.0004226535521128261","0.0004226535521128261","0.0004226535521128261"
"4652","0.0002573244370549127","0.0002573244370549127","0.0002573244370549127","0.0003594911947247553","0.0003594911947247553","0.0003594911947247553","0.0004590537133454097","0.0004590537133454097","0.0004590537133454097"
"4753","0.0002755648330324848","0.0002755648330324848","0.0002755648330324848","0.00037513955492794705","0.00037513955492794705","0.00037513955492794705","0.00046985811226539536","0.00046985811226539536","0.00046985811226539536"
"4854","0.00025176092926782986","0.00025176092926782986","0.00025176092926782986","0.00033434503461656547","0.00033434503461656547","0.00033434503461656547","0.0004536107083135211","0.0004536107083135211","0.0004536107083135211"
"4955","0.0003200140646878145","0.0003200140646878145","0.0003200140646878145","0.000338362727015978","0.000338362727015978","0.000338362727015978","0.00041848661796967454","0.00041848661796967454","0.00041848661796967454"
"5056","0.0003318586509348931","0.0003318586509348931","0.0003318586509348931","0.0003702317436798224","0.0003702317436798224","0.0003702317436798224","0.0004780383768609952","0.0004780383768609952","0.0004780383768609952"
"5157","0.00028237013576738556","0.00028237013576738556","0.00028237013576738556","0.0003633782458979789","0.0003633782458979789","0.0003633782458979789","0.0004409133664794233","0.0004409133664794233","0.0004409133664794233"
"5258","0.0003152368718855777","0.0003152368718855777","0.0003152368718855777","0.0003938767749007441","0.0003938767749007441","0.0003938767749007441","0.0004888313438092457","0.0004888313438092457","0.0004888313438092457"
"5359","0.000330729886125575","0.000330729886125575","0.000330729886125575","0.00036986247927332853","0.00036986247927332853","0.00036986247927332853","0.0004651985765399224","0.0004651985765399224","0.0004651985765399224"
"5460","0.00034381796845246943","0.00034381796845246943","0.00034381796845246943","0.000382034293914445","0.000382034293914445","0.000382034293914445","0.000523796007094178","0.000523796007094178","0.000523796007094178"
"5561","0.0003517520359966885","0.0003517520359966885","0.0003517520359966885","0.00039180089683022015","0.00039180089683022015","0.00039180089683022015","0.000497992856466291","0.000497992856466291","0.000497992856466291"
"5662","0.00032279581858135587","0.00032279581858135587","0.00032279581858135587","0.00038103657446009724","0.00038103657446009724","0.00038103657446009724","0.0004409868966146834","0.0004409868966146834","0.0004409868966146834"
"5763","0.00032354776141023546","0.00032354776141023546","0.00032354776141023546","0.0003626803545579891","0.0003626803545579891","0.0003626803545579891","0.0004919090611264749","0.0004919090611264749","0.0004919090611264749"
"5864","0.00041763291052753903","0.00041763291052753903","0.00041763291052753903","0.00045676550367529264","0.00045676550367529264","0.00045676550367529264","0.0006015594864106646","0.0006015594864106646","0.0006015594864106646"
"6019","0.0003803658035875488","0.0003803658035875488","0.0003803658035875488","0.00047994052548301104","0.00047994052548301104","0.00047994052548301104","0.0005132843791122091","0.0005132843791122091","0.0005132843791122091"
"6120","0.00037758404969400735","0.00037758404969400735","0.00037758404969400735","0.00041930279939389334","0.00041930279939389334","0.00041930279939389334","0.0005715570040607323","0.0005715570040607323","0.0005715570040607323"
"6221","0.00029508139611384137","0.00029508139611384137","0.00029508139611384137","0.00035774084391627123","0.00035774084391627123","0.00035774084391627123","0.0004695915478561753","0.0004695915478561753","0.0004695915478561753"
"6322","0.0003513752140162498","0.0003513752140162498","0.0003513752140162498","0.0003923344633133114","0.0003923344633133114","0.0003923344633133114","0.0004977044353135822","0.0004977044353135822","0.0004977044353135822"
"6423","0.00031801862577911916","0.00031801862577911916","0.00031801862577911916","0.0003617878602872666","0.0003617878602872666","0.0003617878602872666","0.0004410180287386347","0.0004410180287386347","0.0004410180287386347"
"6524","0.0003942058287433228","0.0003942058287433228","0.0003942058287433228","0.0004379750632514702","0.0004379750632514702","0.0004379750632514702","0.0005011303350573868","0.0005011303350573868","0.0005011303350573868"
"6625","0.00035893416071202793","0.00035893416071202793","0.00035893416071202793","0.0004041553346498243","0.0004041553346498243","0.0004041553346498243","0.0004952868430961071","0.0004952868430961071","0.0004952868430961071"
"6726","0.0003290768970413517","0.0003290768970413517","0.0003290768970413517","0.00036820949018910533","0.00036820949018910533","0.00036820949018910533","0.000502835714039207","0.000502835714039207","0.000502835714039207"
"6827","0.0003624678574344489","0.0003624678574344489","0.0003624678574344489","0.0004234515371482764","0.0004234515371482764","0.0004234515371482764","0.0005343881480227125","0.0005343881480227125","0.0005343881480227125"
"6928","0.0003434411464720308","0.0003434411464720308","0.0003434411464720308","0.00044393213605327104","0.00044393213605327104","0.00044393213605327104","0.0005703064577687027","0.0005703064577687027","0.0005703064577687027"
"7029","0.00033351164001911636","0.00033351164001911636","0.00033351164001911636","0.00045873076275351597","0.00045873076275351597","0.00045873076275351597","0.0006184243840401201","0.0006184243840401201","0.0006184243840401201"
"7130","0.0003858949392186651","0.0003858949392186651","0.0003858949392186651","0.0004906478534406401","0.0004906478534406401","0.0004906478534406401","0.0006615653884792359","0.0006615653884792359","0.0006615653884792359"
"7231","0.00031170317516315675","0.00031170317516315675","0.00031170317516315675","0.0003543381925488208","0.0003543381925488208","0.0003543381925488208","0.0005419626575463562","0.0005419626575463562","0.0005419626575463562"
"7332","0.00031963724270737585","0.00031963724270737585","0.00031963724270737585","0.0004243901569293508","0.0004243901569293508","0.0004243901569293508","0.0005512272823440298","0.0005512272823440298","0.0005512272823440298"
"7433","0.00028274695774782425","0.00028274695774782425","0.00028274695774782425","0.00036710072483337424","0.00036710072483337424","0.00036710072483337424","0.0005690738920751798","0.0005690738920751798","0.0005690738920751798"
"7534","0.0003290768970413517","0.0003290768970413517","0.0003290768970413517","0.0003717119144270157","0.0003717119144270157","0.0003717119144270157","0.00047877880812999957","0.00047877880812999957","0.00047877880812999957"
"7635","0.00039029531004046317","0.00039029531004046317","0.00039029531004046317","0.00043551648397825954","0.00043551648397825954","0.00043551648397825954","0.0005928451768950175","0.0005928451768950175","0.0005928451768950175"
"7736","0.00035024644920693155","0.00035024644920693155","0.00035024644920693155","0.0004351987616710941","0.0004351987616710941","0.0004351987616710941","0.0005873623221371524","0.0005873623221371524","0.0005873623221371524"
"7837","0.00035968610354090747","0.00035968610354090747","0.00035968610354090747","0.0003999529138111445","0.0003999529138111445","0.0003999529138111445","0.000495565965121224","0.000495565965121224","0.000495565965121224"
"7992","0.00032960112131625674","0.00032960112131625674","0.00032960112131625674","0.00041455343378041926","0.00041455343378041926","0.00041455343378041926","0.00047742134247003286","0.00047742134247003286","0.00047742134247003286"
"8093","0.00039217601767866094","0.00039217601767866094","0.00039217601767866094","0.0004133346652179102","0.0004133346652179102","0.0004133346652179102","0.0005086573952670742","0.0005086573952670742","0.0005086573952670742"
"8194","0.00030290243351956066","0.00030290243351956066","0.00030290243351956066","0.00036669609844447394","0.00036669609844447394","0.00036669609844447394","0.00041131280712999646","0.00041131280712999646","0.00041131280712999646"
"8295","0.0003536671157908527","0.0003536671157908527","0.0003536671157908527","0.00037277527852184046","0.00037277527852184046","0.00037277527852184046","0.0004509346787980352","0.0004509346787980352","0.0004509346787980352"
"8396","0.00033791201084091443","0.00033791201084091443","0.00033791201084091443","0.00037817882111115147","0.00037817882111115147","0.00037817882111115147","0.0004548675391956285","0.0004548675391956285","0.0004548675391956285"
"8497","0.0003679969930655652","0.0003679969930655652","0.0003679969930655652","0.00040971574276545114","0.00040971574276545114","0.00040971574276545114","0.0005308851339633962","0.0005308851339633962","0.0005308851339633962"
"8598","0.00040138795345866224","0.00040138795345866224","0.00040138795345866224","0.0004642653506977975","0.0004642653506977975","0.0004642653506977975","0.000526740711903511","0.000526740711903511","0.000526740711903511"
"8699","0.0003307298861255749","0.0003307298861255749","0.0003307298861255749","0.00041050400626322476","0.00041050400626322476","0.00041050400626322476","0.0004845663501783275","0.0004845663501783275","0.0004845663501783275"
"8800","0.000335130256947373","0.000335130256947373","0.000335130256947373","0.0003994595936161571","0.0003994595936161571","0.0003994595936161571","0.0004978142152989445","0.0004978142152989445","0.0004978142152989445"
"8901","0.0002554093572607484","0.0002554093572607484","0.0002554093572607484","0.0003757680099758007","0.0003757680099758007","0.0003757680099758007","0.00048346894741476857","0.00048346894741476857","0.00048346894741476857"
"9002","0.00033513025694737304","0.00033513025694737304","0.00033513025694737304","0.0003803514308851694","0.0003803514308851694","0.0003803514308851694","0.0004901550629834592","0.0004901550629834592","0.0004901550629834592"
"9103","0.0003144849290566982","0.0003144849290566982","0.0003144849290566982","0.0003728824522183933","0.0003728824522183933","0.0003728824522183933","0.0004836762383913563","0.0004836762383913563","0.0004836762383913563"
"9204","0.00031963724270737585","0.00031963724270737585","0.00031963724270737585","0.0003810627005168621","0.0003810627005168621","0.0003810627005168621","0.00045983179729623165","0.00045983179729623165","0.00045983179729623165"
"9305","0.00030339228563849906","0.00030339228563849906","0.00030339228563849906","0.0004114908568154307","0.0004114908568154307","0.0004114908568154307","0.00047548153025705076","0.00047548153025705076","0.00047548153025705076"
"9406","0.0003362590217566912","0.0003362590217566912","0.0003362590217566912","0.000401186903804088","0.000401186903804088","0.000401186903804088","0.0004944164166770119","0.0004944164166770119","0.0004944164166770119"
"9507","0.00035968610354090747","0.00035968610354090747","0.00035968610354090747","0.0004225635007800427","0.0004225635007800427","0.0004225635007800427","0.0005479832241823409","0.0005479832241823409","0.0005479832241823409"
"9608","0.00033513025694737304","0.00033513025694737304","0.00033513025694737304","0.0003788994914555205","0.0003788994914555205","0.0003788994914555205","0.0005025719123708393","0.0005025719123708393","0.0005025719123708393"
"9709","0.00032241899660091723","0.00032241899660091723","0.00032241899660091723","0.0003661882311090647","0.0003661882311090647","0.0003661882311090647","0.0005250814586178091","0.0005250814586178091","0.0005250814586178091"
"9810","0.00027052554952030695","0.00027052554952030695","0.00027052554952030695","0.0003739874793368447","0.0003739874793368447","0.0003739874793368447","0.0004513480065553316","0.0004513480065553316","0.0004513480065553316"
"9965","0.00037077874695910654","0.00037077874695910654","0.00037077874695910654","0.0004130960420376051","0.0004130960420376051","0.0004130960420376051","0.0005105166373165519","0.0005105166373165519","0.0005105166373165519"
"10066","0.00031963724270737585","0.00031963724270737585","0.00031963724270737585","0.00040086330227467453","0.00040086330227467453","0.00040086330227467453","0.0004942546863247096","0.0004942546863247096","0.0004942546863247096"
"10167","0.00029508139611384137","0.00029508139611384137","0.00029508139611384137","0.0004026442955469021","0.0004026442955469021","0.0004026442955469021","0.00048294277986355604","0.00048294277986355604","0.00048294277986355604"
"10268","0.0003152368718855777","0.0003152368718855777","0.0003152368718855777","0.0004027753409018726","0.0004027753409018726","0.0004027753409018726","0.0004978971731774412","0.0004978971731774412","0.0004978971731774412"
"10369","0.00034697484319445165","0.00034697484319445165","0.00034697484319445165","0.00042987667085035274","0.00042987667085035274","0.00042987667085035274","0.00047801809692723103","0.00047801809692723103","0.00047801809692723103"
"10470","0.00037077874695910654","0.00037077874695910654","0.00037077874695910654","0.00045427911999362027","0.00045427911999362027","0.00045427911999362027","0.0005139735896531652","0.0005139735896531652","0.0005139735896531652"
"10571","0.00033791201084091443","0.00033791201084091443","0.00033791201084091443","0.00043938632948393243","0.00043938632948393243","0.00043938632948393243","0.0004841584824224817","0.0004841584824224817","0.0004841584824224817"
"10672","0.0003481379801597364","0.0003481379801597364","0.0003481379801597364","0.0003907729975454004","0.0003907729975454004","0.0003907729975454004","0.0004400427816787719","0.0004400427816787719","0.0004400427816787719"
"10773","0.0003898054579215247","0.0003898054579215247","0.0003898054579215247","0.0004484209305199253","0.0004484209305199253","0.0004484209305199253","0.0004801589018287992","0.0004801589018287992","0.0004801589018287992"
"10874","0.00033351164001911636","0.00033351164001911636","0.00033351164001911636","0.00037728087452726383","0.00037728087452726383","0.00037728087452726383","0.0004722963192465705","0.0004722963192465705","0.0004722963192465705"
"10975","0.00034231238166271255","0.00034231238166271255","0.00034231238166271255","0.0004058822179286724","0.0004058822179286724","0.0004058822179286724","0.0004964271052786248","0.0004964271052786248","0.0004964271052786248"
"11076","0.00037758404969400735","0.00037758404969400735","0.00037758404969400735","0.0004187671276500225","0.0004187671276500225","0.0004187671276500225","0.0005274652911193315","0.0005274652911193315","0.0005274652911193315"
"11177","0.00031245511799203634","0.00031245511799203634","0.00031245511799203634","0.00037678445466082046","0.00037678445466082046","0.00037678445466082046","0.0005078560049749635","0.0005078560049749635","0.0005078560049749635"
"11278","0.0003497565970879931","0.0003497565970879931","0.0003497565970879931","0.0003949777710257894","0.0003949777710257894","0.0003949777710257894","0.0005362996532788269","0.0005362996532788269","0.0005362996532788269"
"11379","0.0003648727893475516","0.0003648727893475516","0.0003648727893475516","0.00038603143688680083","0.00038603143688680083","0.00038603143688680083","0.0004808187947505915","0.0004808187947505915","0.0004808187947505915"
"11480","0.0003497565970879931","0.0003497565970879931","0.0003497565970879931","0.0003909396750440082","0.0003909396750440082","0.0003909396750440082","0.0004853787126911243","0.0004853787126911243","0.0004853787126911243"
"11581","0.00032080037967266054","0.00032080037967266054","0.00032080037967266054","0.0003810916203596634","0.0003810916203596634","0.0003810916203596634","0.0004924522893392614","0.0004924522893392614","0.0004924522893392614"
"11682","0.0003152368718855777","0.0003152368718855777","0.0003152368718855777","0.00039867437128534964","0.00039867437128534964","0.00039867437128534964","0.0004896559592700646","0.0004896559592700646","0.0004896559592700646"
"11783","0.00027278307913894336","0.00027278307913894336","0.00027278307913894336","0.0003165523136470908","0.0003165523136470908","0.0003165523136470908","0.00044310205768092266","0.00044310205768092266","0.00044310205768092266"
"11938","0.00027958838187384417","0.00027958838187384417","0.00027958838187384417","0.00034338204679875746","0.00034338204679875746","0.00034338204679875746","0.0005318440380178307","0.0005318440380178307","0.0005318440380178307"
"12039","0.000246721645755652","0.000246721645755652","0.000246721645755652","0.0003899147140985559","0.0003899147140985559","0.0003899147140985559","0.0004718947931139824","0.0004718947931139824","0.0004718947931139824"
"12140","0.00028237013576738556","0.00028237013576738556","0.00028237013576738556","0.0003617695391853762","0.0003617695391853762","0.0003617695391853762","0.0004575981390889848","0.0004575981390889848","0.0004575981390889848"
"12241","0.00031688986096980093","0.00031688986096980093","0.00031688986096980093","0.00039979168862570196","0.00039979168862570196","0.00039979168862570196","0.0004955589627355994","0.0004955589627355994","0.0004955589627355994"
"12342","0.0003608492405061922","0.0003608492405061922","0.0003608492405061922","0.00040089810133972384","0.00040089810133972384","0.00040089810133972384","0.0004938717617176066","0.0004938717617176066","0.0004938717617176066"
"12443","0.0003061740395320405","0.0003061740395320405","0.0003061740395320405","0.00038907586718794153","0.00038907586718794153","0.00038907586718794153","0.00046804008245708773","0.00046804008245708773","0.00046804008245708773"
"12544","0.000330729886125575","0.000330729886125575","0.000330729886125575","0.00041028605682651934","0.00041028605682651934","0.00041028605682651934","0.000485110307014967","0.000485110307014967","0.000485110307014967"
"12645","0.00032960112131625674","0.00032960112131625674","0.00032960112131625674","0.00043656547537070485","0.00043656547537070485","0.00043656547537070485","0.0004958691342377533","0.0004958691342377533","0.0004958691342377533"
"12746","0.00035693872180333255","0.00035693872180333255","0.00035693872180333255","0.0004195981696057624","0.0004195981696057624","0.0004195981696057624","0.00051128729668882","0.00051128729668882","0.00051128729668882"
"12847","0.0003156136938660164","0.0003156136938660164","0.0003156136938660164","0.00037994303053480054","0.00037994303053480054","0.00037994303053480054","0.0004877883113399208","0.0004877883113399208","0.0004877883113399208"
"12948","0.0003462229003655721","0.0003462229003655721","0.0003462229003655721","0.0003888579177512361","0.0003888579177512361","0.0003888579177512361","0.0005583810794018219","0.0005583810794018219","0.0005583810794018219"
"13049","0.0003355070789278117","0.0003355070789278117","0.0003355070789278117","0.000373880171672741","0.000373880171672741","0.000373880171672741","0.0004806075034941853","0.0004806075034941853","0.0004806075034941853"
"13150","0.00032279581858135587","0.00032279581858135587","0.00032279581858135587","0.0003602526436405072","0.0003602526436405072","0.0003602526436405072","0.00042202297390958436","0.00042202297390958436","0.00042202297390958436"
"13251","0.0002871473285696223","0.0002871473285696223","0.0002871473285696223","0.00034926522540593326","0.00034926522540593326","0.00034926522540593326","0.00041331722464126453","0.00041331722464126453","0.00041331722464126453"
"13352","0.0002355159721989531","0.0002355159721989531","0.0002355159721989531","0.0003195520169773376","0.0003195520169773376","0.0003195520169773376","0.00038283327748782564","0.00038283327748782564","0.00038283327748782564"
"13453","0.00030339228563849906","0.00030339228563849906","0.00030339228563849906","0.0003683201676858958","0.0003683201676858958","0.0003683201676858958","0.0005073757236066699","0.0005073757236066699","0.0005073757236066699"
"13554","0.0002382977260924945","0.0002382977260924945","0.0002382977260924945","0.00032470197798630603","0.00032470197798630603","0.00032470197798630603","0.0004793416664915905","0.0004793416664915905","0.0004793416664915905"
"13655","0.0002906810252920433","0.0002906810252920433","0.0002906810252920433","0.0003502127655762219","0.0003502127655762219","0.0003502127655762219","0.000496369588100295","0.000496369588100295","0.000496369588100295"
"13756","0.00030730280434135873","0.00030730280434135873","0.00030730280434135873","0.00036942070117766966","0.00036942070117766966","0.00036942070117766966","0.00046770589560055277","0.00046770589560055277","0.00046770589560055277"
"13911","0.00033351164001911636","0.00033351164001911636","0.00033351164001911636","0.00037728087452726383","0.00037728087452726383","0.00037728087452726383","0.0005156931920552213","0.0005156931920552213","0.0005156931920552213"
"14012","0.00032960112131625674","0.00032960112131625674","0.00032960112131625674","0.0004131953879989824","0.0004131953879989824","0.0004131953879989824","0.000532940588055128","0.000532940588055128","0.000532940588055128"
"14113","0.00034697484319445165","0.00034697484319445165","0.00034697484319445165","0.00040871802331110345","0.00040871802331110345","0.00040871802331110345","0.0004877224866299427","0.0004877224866299427","0.0004877224866299427"
"14214","0.000330729886125575","0.000330729886125575","0.000330729886125575","0.00041599992089690296","0.00041599992089690296","0.00041599992089690296","0.0004928458199258104","0.0004928458199258104","0.0004928458199258104"
"14315","0.0003770941975750689","0.0003770941975750689","0.0003770941975750689","0.00043570967017346945","0.00043570967017346945","0.00043570967017346945","0.0005280556745682046","0.0005280556745682046","0.0005280556745682046"
"14416","0.00030805474717023827","0.00030805474717023827","0.00030805474717023827","0.00038928080673753695","0.00038928080673753695","0.00038928080673753695","0.00046352726828115243","0.00046352726828115243","0.00046352726828115243"
"14517","0.0002716543143296252","0.0002716543143296252","0.0002716543143296252","0.0003947558908797636","0.0003947558908797636","0.0003947558908797636","0.0004424866652401575","0.0004424866652401575","0.0004424866652401575"
"14618","0.0002934627791855847","0.0002934627791855847","0.0002934627791855847","0.00038131897050904505","0.00038131897050904505","0.00038131897050904505","0.00044608410214720575","0.00044608410214720575","0.00044608410214720575"
"14719","0.0002945915439949029","0.0002945915439949029","0.0002945915439949029","0.0003975178020675698","0.0003975178020675698","0.0003975178020675698","0.00044110791953320803","0.00044110791953320803","0.00044110791953320803"
"14820","0.0002716543143296252","0.0002716543143296252","0.0002716543143296252","0.0003771667289544244","0.0003771667289544244","0.0003771667289544244","0.00044117457503889315","0.00044117457503889315","0.00044117457503889315"
"14921","0.0002978631500073828","0.0002978631500073828","0.0002978631500073828","0.00036052259780981256","0.00036052259780981256","0.00036052259780981256","0.0004380748910341056","0.0004380748910341056","0.0004380748910341056"
"15022","0.00035126218387774997","0.00035126218387774997","0.00035126218387774997","0.00037242083141699925","0.00037242083141699925","0.00037242083141699925","0.0004471022569039738","0.0004471022569039738","0.0004471022569039738"
"15123","0.0003608492405061922","0.0003608492405061922","0.0003608492405061922","0.0004034842578918562","0.0004034842578918562","0.0004034842578918562","0.0004924618227678601","0.0004924618227678601","0.0004924618227678601"
"15224","0.0003580674866126508","0.0003580674866126508","0.0003580674866126508","0.00038067807358154897","0.00038067807358154897","0.00038067807358154897","0.0004784038964337045","0.0004784038964337045","0.0004784038964337045"
"15325","0.00038476617440934686","0.00038476617440934686","0.00038476617440934686","0.00040592482194859615","0.00040592482194859615","0.00040592482194859615","0.0005006755817213634","0.0005006755817213634","0.0005006755817213634"
"15426","0.00035415696790979116","0.00035415696790979116","0.00035415696790979116","0.0004170343651489264","0.0004170343651489264","0.0004170343651489264","0.0004518941531442577","0.0004518941531442577","0.0004518941531442577"
"15527","0.0003731836788722093","0.0003731836788722093","0.0003731836788722093","0.0004149024285720952","0.0004149024285720952","0.0004149024285720952","0.0005075627327672159","0.0005075627327672159","0.0005075627327672159"
"15628","0.0003858949392186651","0.0003858949392186651","0.0003858949392186651","0.00042616174948890214","0.00042616174948890214","0.00042616174948890214","0.0005332562249075521","0.0005332562249075521","0.0005332562249075521"
"15729","0.0003986061995651209","0.0003986061995651209","0.0003986061995651209","0.00041771436229610866","0.00041771436229610866","0.00041771436229610866","0.0005281021174722402","0.0005281021174722402","0.0005281021174722402"
"15884","0.0003779608716744461","0.0003779608716744461","0.0003779608716744461","0.0003991195192136954","0.0003991195192136954","0.0003991195192136954","0.0004911599008536137","0.0004911599008536137","0.0004911599008536137"
"15985","0.0003355070789278117","0.0003355070789278117","0.0003355070789278117","0.000373880171672741","0.000373880171672741","0.000373880171672741","0.00044996464292913914","0.00044996464292913914","0.00044996464292913914"
"16086","0.0003434411464720308","0.0003434411464720308","0.0003434411464720308","0.00042542670644215376","0.00042542670644215376","0.00042542670644215376","0.0005021712941572407","0.0005021712941572407","0.0005021712941572407"
"16187","0.0003740503529715865","0.0003740503529715865","0.0003740503529715865","0.000432665825569987","0.000432665825569987","0.000432665825569987","0.0005399261010713438","0.0005399261010713438","0.0005399261010713438"
"16288","0.00039029531004046317","0.00039029531004046317","0.00039029531004046317","0.0004314783879964783","0.0004314783879964783","0.0004314783879964783","0.0005095686190529912","0.0005095686190529912","0.0005095686190529912"
"16389","0.0003624678574344489","0.0003624678574344489","0.0003624678574344489","0.00040197516730186165","0.00040197516730186165","0.00040197516730186165","0.0005236830975396787","0.0005236830975396787","0.0005236830975396787"
"16490","0.0004292154060646766","0.0004292154060646766","0.0004292154060646766","0.0004906408638741629","0.0004906408638741629","0.0004906408638741629","0.0005866943352907027","0.0005866943352907027","0.0005866943352907027"
"16591","0.0003969875826368642","0.0003969875826368642","0.0003969875826368642","0.0004607812475617775","0.0004607812475617775","0.0004607812475617775","0.0005397857108806169","0.0005397857108806169","0.0005397857108806169"
"16692","0.0003613390926251307","0.0003613390926251307","0.0003613390926251307","0.0004420294804485585","0.0004420294804485585","0.0004420294804485585","0.0005180170168457496","0.0005180170168457496","0.0005180170168457496"
"16793","0.00033791201084091443","0.00033791201084091443","0.00033791201084091443","0.0004042918323179601","0.0004042918323179601","0.0004042918323179601","0.00048400626118513015","0.00048400626118513015","0.00048400626118513015"
"16894","0.0003740503529715865","0.0003740503529715865","0.0003740503529715865","0.0004576446196543121","0.0004576446196543121","0.0004576446196543121","0.0005500221346703092","0.0005500221346703092","0.0005500221346703092"
"16995","0.00036964998214978836","0.00036964998214978836","0.00036964998214978836","0.000436029803626834","0.000436029803626834","0.000436029803626834","0.0005307357184346817","0.0005307357184346817","0.0005307357184346817"
"17096","0.00035415696790979116","0.00035415696790979116","0.00035415696790979116","0.0004381930126881757","0.0004381930126881757","0.0004381930126881757","0.0005127465756377893","0.0005127465756377893","0.0005127465756377893"
"17197","0.00035415696790979116","0.00035415696790979116","0.00035415696790979116","0.00041795063283470445","0.00041795063283470445","0.00041795063283470445","0.0004775338113920851","0.0004775338113920851","0.0004775338113920851"
"17298","0.0002934627791855847","0.0002934627791855847","0.0002934627791855847","0.00037696315222009836","0.00037696315222009836","0.00037696315222009836","0.0004665549199080986","0.0004665549199080986","0.0004665549199080986"
"17399","0.00031963724270737585","0.00031963724270737585","0.00031963724270737585","0.0004025390703632769","0.0004025390703632769","0.0004025390703632769","0.00043270419540674326","0.00043270419540674326","0.00043270419540674326"
"17500","0.00024709846773609065","0.00024709846773609065","0.00024709846773609065","0.0003711833733480069","0.0003711833733480069","0.0003711833733480069","0.0004334772804928437","0.0004334772804928437","0.0004334772804928437"
"17601","0.000238787578211433","0.000238787578211433","0.000238787578211433","0.00031947796603486086","0.00031947796603486086","0.00031947796603486086","0.0004151446947613582","0.0004151446947613582","0.0004151446947613582"
"17702","0.00027958838187384417","0.00027958838187384417","0.00027958838187384417","0.0003665283055115265","0.0003665283055115265","0.0003665283055115265","0.00044659142328871065","0.00044659142328871065","0.00044659142328871065"
"17857","0.00032870007506091307","0.00032870007506091307","0.00032870007506091307","0.00037133509244657707","0.00037133509244657707","0.00037133509244657707","0.0004798381374261094","0.0004798381374261094","0.0004798381374261094"
"17958","0.0002716543143296252","0.0002716543143296252","0.0002716543143296252","0.00037479852183899744","0.00037479852183899744","0.00037479852183899744","0.0004200018516208503","0.0004200018516208503","0.0004200018516208503"
"18059","0.00035415696790979116","0.00035415696790979116","0.00035415696790979116","0.0004125544910714863","0.0004125544910714863","0.0004125544910714863","0.0005027653403313582","0.0005027653403313582","0.0005027653403313582"
"18160","0.000366868228256247","0.000366868228256247","0.000366868228256247","0.00041063746276439445","0.00041063746276439445","0.00041063746276439445","0.0005483270559956092","0.0005483270559956092","0.0005483270559956092"
"18261","0.00036964998214978836","0.00036964998214978836","0.00036964998214978836","0.0004122849995354524","0.0004122849995354524","0.0004122849995354524","0.0005360742703503295","0.0005360742703503295","0.0005360742703503295"
"18362","0.00028109396866360105","0.00028109396866360105","0.00028109396866360105","0.00034283714878025284","0.00034283714878025284","0.00034283714878025284","0.00039128567626312927","0.00039128567626312927","0.00039128567626312927"
"18463","0.0003001206796260192","0.0003001206796260192","0.0003001206796260192","0.00038279867862296685","0.00038279867862296685","0.00038279867862296685","0.0004136104669539709","0.0004136104669539709","0.0004136104669539709"
"18564","0.00037822296238438713","0.00037822296238438713","0.00037822296238438713","0.0004234441363221835","0.0004234441363221835","0.0004234441363221835","0.00046787672737919327","0.00046787672737919327","0.00046787672737919327"
"18665","0.0002978631500073828","0.0002978631500073828","0.0002978631500073828","0.0003656949109140773","0.0003656949109140773","0.0003656949109140773","0.0004123867325432558","0.0004123867325432558","0.0004123867325432558"
"18766","0.0003152368718855777","0.0003152368718855777","0.0003152368718855777","0.00035641994984159277","0.00035641994984159277","0.00035641994984159277","0.0004340805065104099","0.0004340805065104099","0.0004340805065104099"
"18867","0.000366868228256247","0.000366868228256247","0.000366868228256247","0.00042920995375151136","0.00042920995375151136","0.00042920995375151136","0.0004755021091586481","0.0004755021091586481","0.0004755021091586481"
"18968","0.00033791201084091443","0.00033791201084091443","0.00033791201084091443","0.000397443751125093","0.000397443751125093","0.000397443751125093","0.00044367193543542647","0.00044367193543542647","0.00044367193543542647"
"19069","0.00039420582874332284","0.00039420582874332284","0.00039420582874332284","0.00045282130134172334","0.00045282130134172334","0.00045282130134172334","0.0005323216044147267","0.0005323216044147267","0.0005323216044147267"
"19170","0.0003740503529715865","0.0003740503529715865","0.0003740503529715865","0.00039666093994048467","0.00039666093994048467","0.00039666093994048467","0.0004941036607719962","0.0004941036607719962","0.0004941036607719962"
"19271","0.0003779608716744461","0.0003779608716744461","0.0003779608716744461","0.00043726878329967126","0.00043726878329967126","0.00043726878329967126","0.00048419661649990305","0.00048419661649990305","0.00048419661649990305"
"19372","0.00033791201084091443","0.00033791201084091443","0.00033791201084091443","0.0004014818471068743","0.0004014818471068743","0.0004014818471068743","0.0004939509379133875","0.0004939509379133875","0.0004939509379133875"
"19473","0.0002716543143296251","0.0002716543143296251","0.0002716543143296251","0.00036064472277556897","0.00036064472277556897","0.00036064472277556897","0.0004677106274530254","0.0004677106274530254","0.0004677106274530254"
"19574","0.00033351164001911636","0.00033351164001911636","0.00033351164001911636","0.00039288661302034115","0.00039288661302034115","0.00039288661302034115","0.0004713901958977285","0.0004713901958977285","0.0004713901958977285"
"19675","0.00033904077565023266","0.00033904077565023266","0.00033904077565023266","0.0003781733687979863","0.0003781733687979863","0.0003781733687979863","0.00044206909016069305","0.00044206909016069305","0.00044206909016069305"